<edmx:Edmx xmlns:edmx="http://schemas.microsoft.com/ado/2007/06/edmx" Version="1.0">
	<edmx:DataServices xmlns:m="http://schemas.microsoft.com/ado/2007/08/dataservices/metadata" m:DataServiceVersion="2.0">
		<Schema xmlns:d="http://schemas.microsoft.com/ado/2007/08/dataservices"
			xmlns:m="http://schemas.microsoft.com/ado/2007/08/dataservices/metadata" xmlns="http://schemas.microsoft.com/ado/2008/09/edm"
			Namespace="DoctorsApplication.xs.Services.DoctorList">
			<EntityType Name="DoctorListType">
				<Key><PropertyRef Name="DoctorID"/></Key><Property Name="DoctorName" Type="Edm.String" Nullable="false" MaxLength="100"/><Property Name="DoctorID" Type="Edm.String" Nullable="false" MaxLength="8"/><Property Name="Specialization" Type="Edm.String" Nullable="false" MaxLength="30"/><Property Name="HospitalName" Type="Edm.String" MaxLength="100"/><Property Name="PateintsCount" Type="Edm.Int32"/><Property Name="Address" Type="Edm.String" MaxLength="256"/><Property Name="City" Type="Edm.String" MaxLength="20"/><Property Name="State" Type="Edm.String" MaxLength="20"/><Property Name="PinCode" Type="Edm.String" MaxLength="8"/></EntityType>
			<EntityContainer Name="DoctorList" m:IsDefaultEntityContainer="true"><EntitySet Name="DoctorList" EntityType="DoctorsApplication.xs.Services.DoctorList.DoctorListType"/></EntityContainer>
		</Schema>
	</edmx:DataServices>
</edmx:Edmx>